id,capability,repository,url,license_cost_status,overlap_or_replacement,phase,required_credentials,blockers,self_hosting_decision,clone_command,stable_ref_guidance,self_hosting_manifest,stable_ref_status,stable_ref_rationale
keycloak,identity,keycloak,https://github.com/keycloak/keycloak,verify upstream license and hosted costs,evaluate against existing UniGig boundary,P1,KEYCLOAK_URL,keycloak: local compose profile exists; initialize locally and complete security/license review before use.,self-hostable-local-foundation,git clone --filter=blob:none https://github.com/keycloak/keycloak integrations/upstream/keycloak,reviewed immutable HEAD commit 4b6b3929b655a0412c422ff4e8cde67ef12b26f9 on upstream branch main (git ls-remote probe 2026-09-09); pin this SHA before deployment,integrations/compose/docker-compose.yml (profile: core/ledger); initialize and review locally,reviewed-head-commit,"The recorded repository responded to git ls-remote on 2026-09-09; this SHA is metadata evidence, not a production compatibility claim."
openbao,secrets,openbao,https://github.com/openbao/openbao,verify upstream license and hosted costs,evaluate against existing UniGig boundary,P1,OPENBAO_URL,openbao: local compose profile exists; initialize locally and complete security/license review before use.,self-hostable-local-foundation,git clone --filter=blob:none https://github.com/openbao/openbao integrations/upstream/openbao,reviewed immutable HEAD commit 1859768bdb897d92723c68f8457128c9fd707a98 on upstream branch main (git ls-remote probe 2026-09-09); pin this SHA before deployment,integrations/compose/docker-compose.yml (profile: core/ledger); initialize and review locally,reviewed-head-commit,"The recorded repository responded to git ls-remote on 2026-09-09; this SHA is metadata evidence, not a production compatibility claim."
kong,gateway,kong,https://github.com/kong/kong,verify upstream license and hosted costs,evaluate against existing UniGig boundary,P1,KONG_URL,kong: local compose profile exists; initialize locally and complete security/license review before use.,self-hostable-local-foundation,git clone --filter=blob:none https://github.com/kong/kong integrations/upstream/kong,reviewed immutable HEAD commit 3091de006da341d5f289d446a3d73875a14560e0 on upstream branch master (git ls-remote probe 2026-09-09); pin this SHA before deployment,integrations/compose/docker-compose.yml (profile: core/ledger); initialize and review locally,reviewed-head-commit,"The recorded repository responded to git ls-remote on 2026-09-09; this SHA is metadata evidence, not a production compatibility claim."
blnk,ledger,blnk,https://github.com/blnk/blnk,verify upstream license and hosted costs,evaluate against existing UniGig boundary,P1,BLNK_URL,blnk: local compose profile exists; initialize locally and complete security/license review before use.,self-hostable-local-foundation,git clone --filter=blob:none https://github.com/blnk/blnk integrations/upstream/blnk,unknown/unverified: do not pin until the recorded upstream is confirmed; remote did not return a HEAD reference during 2026-09-09 probe,integrations/compose/docker-compose.yml (profile: core/ledger); initialize and review locally,unknown/unverified,"The recorded repository URL https://github.com/blnk/blnk could not be resolved to a Git HEAD during the 2026-09-09 network probe (remote did not return a HEAD reference); it may be moved, renamed, unavailable, or require a different canonical owner. Verify the tool-specific upstream before cloning."
dolos,compliance,dolos,https://github.com/dolos/dolos,verify upstream license and hosted costs,evaluate against existing UniGig boundary,P1,DOLOS_URL,"dolos: no reviewed per-tool manifest in this baseline; blocked pending its runtime, license, security, and credential review.",blocked-tool-specific,git clone --filter=blob:none https://github.com/dolos/dolos integrations/upstream/dolos,unknown/unverified: do not pin until the recorded upstream is confirmed; remote did not return a HEAD reference during 2026-09-09 probe,"blocked record: dolos — dolos: self-hosting is feasible, but no service image is asserted in this baseline; add a reviewed pinned manifest after runtime validation.",unknown/unverified,"The recorded repository URL https://github.com/dolos/dolos could not be resolved to a Git HEAD during the 2026-09-09 network probe (remote did not return a HEAD reference); it may be moved, renamed, unavailable, or require a different canonical owner. Verify the tool-specific upstream before cloning."
firecracker,integration,firecracker,https://github.com/firecracker/firecracker,verify upstream license and hosted costs,evaluate against existing UniGig boundary,P2,FIRECRACKER_URL,"firecracker: no reviewed per-tool manifest in this baseline; blocked pending its runtime, license, security, and credential review.",blocked-tool-specific,git clone --filter=blob:none https://github.com/firecracker/firecracker integrations/upstream/firecracker,unknown/unverified: do not pin until the recorded upstream is confirmed; remote did not return a HEAD reference during 2026-09-09 probe,"blocked record: firecracker — firecracker: requires unavailable host capability, Kubernetes, GPU, or privileged networking in this baseline.",unknown/unverified,"The recorded repository URL https://github.com/firecracker/firecracker could not be resolved to a Git HEAD during the 2026-09-09 network probe (remote did not return a HEAD reference); it may be moved, renamed, unavailable, or require a different canonical owner. Verify the tool-specific upstream before cloning."
gvisor,integration,gvisor,https://github.com/gvisor/gvisor,verify upstream license and hosted costs,evaluate against existing UniGig boundary,P2,GVISOR_URL,"gvisor: no reviewed per-tool manifest in this baseline; blocked pending its runtime, license, security, and credential review.",blocked-tool-specific,git clone --filter=blob:none https://github.com/gvisor/gvisor integrations/upstream/gvisor,unknown/unverified: do not pin until the recorded upstream is confirmed; remote did not return a HEAD reference during 2026-09-09 probe,"blocked record: gvisor — gvisor: requires unavailable host capability, Kubernetes, GPU, or privileged networking in this baseline.",unknown/unverified,"The recorded repository URL https://github.com/gvisor/gvisor could not be resolved to a Git HEAD during the 2026-09-09 network probe (remote did not return a HEAD reference); it may be moved, renamed, unavailable, or require a different canonical owner. Verify the tool-specific upstream before cloning."
trivy,security,trivy,https://github.com/trivy/trivy,verify upstream license and hosted costs,evaluate against existing UniGig boundary,P1,TRIVY_URL,"trivy: no reviewed per-tool manifest in this baseline; blocked pending its runtime, license, security, and credential review.",blocked-tool-specific,git clone --filter=blob:none https://github.com/trivy/trivy integrations/upstream/trivy,unknown/unverified: do not pin until the recorded upstream is confirmed; remote did not return a HEAD reference during 2026-09-09 probe,"blocked record: trivy — trivy: self-hosting is feasible, but no service image is asserted in this baseline; add a reviewed pinned manifest after runtime validation.",unknown/unverified,"The recorded repository URL https://github.com/trivy/trivy could not be resolved to a Git HEAD during the 2026-09-09 network probe (remote did not return a HEAD reference); it may be moved, renamed, unavailable, or require a different canonical owner. Verify the tool-specific upstream before cloning."
vaultwarden,secrets,vaultwarden,https://github.com/vaultwarden/vaultwarden,verify upstream license and hosted costs,evaluate against existing UniGig boundary,P2,VAULTWARDEN_URL,"vaultwarden: no reviewed per-tool manifest in this baseline; blocked pending its runtime, license, security, and credential review.",blocked-tool-specific,git clone --filter=blob:none https://github.com/vaultwarden/vaultwarden integrations/upstream/vaultwarden,unknown/unverified: do not pin until the recorded upstream is confirmed; remote did not return a HEAD reference during 2026-09-09 probe,blocked record: vaultwarden — vaultwarden: requires tool-specific license/provider review and its runtime or external credentials; no production self-hosting is claimed.,unknown/unverified,"The recorded repository URL https://github.com/vaultwarden/vaultwarden could not be resolved to a Git HEAD during the 2026-09-09 network probe (remote did not return a HEAD reference); it may be moved, renamed, unavailable, or require a different canonical owner. Verify the tool-specific upstream before cloning."
minio,storage,minio,https://github.com/minio/minio,verify upstream license and hosted costs,evaluate against existing UniGig boundary,P2,MINIO_URL,"minio: no reviewed per-tool manifest in this baseline; blocked pending its runtime, license, security, and credential review.",blocked-tool-specific,git clone --filter=blob:none https://github.com/minio/minio integrations/upstream/minio,reviewed immutable HEAD commit 7aac2a2c5b7c882e68c1ce017d8256be2feea27f on upstream branch master (git ls-remote probe 2026-09-09); pin this SHA before deployment,"blocked record: minio — minio: self-hosting is feasible, but no service image is asserted in this baseline; add a reviewed pinned manifest after runtime validation.",reviewed-head-commit,"The recorded repository responded to git ls-remote on 2026-09-09; this SHA is metadata evidence, not a production compatibility claim."
immich,integration,immich,https://github.com/immich/immich,verify upstream license and hosted costs,evaluate against existing UniGig boundary,P2,IMMICH_URL,"immich: no reviewed per-tool manifest in this baseline; blocked pending its runtime, license, security, and credential review.",blocked-tool-specific,git clone --filter=blob:none https://github.com/immich/immich integrations/upstream/immich,reviewed immutable HEAD commit 8c013ccbe797ad2f0af3a9caeae06814e732914b on upstream branch main (git ls-remote probe 2026-09-09); pin this SHA before deployment,blocked record: immich — immich: requires tool-specific license/provider review and its runtime or external credentials; no production self-hosting is claimed.,reviewed-head-commit,"The recorded repository responded to git ls-remote on 2026-09-09; this SHA is metadata evidence, not a production compatibility claim."
supabase,integration,supabase,https://github.com/supabase/supabase,verify upstream license and hosted costs,evaluate against existing UniGig boundary,P2,SUPABASE_URL,"supabase: no reviewed per-tool manifest in this baseline; blocked pending its runtime, license, security, and credential review.",blocked-tool-specific,git clone --filter=blob:none https://github.com/supabase/supabase integrations/upstream/supabase,reviewed immutable HEAD commit e351e8a1a44541c8e7e6dd8e778fc87092b0b2c5 on upstream branch master (git ls-remote probe 2026-09-09); pin this SHA before deployment,blocked record: supabase — supabase: requires tool-specific license/provider review and its runtime or external credentials; no production self-hosting is claimed.,reviewed-head-commit,"The recorded repository responded to git ls-remote on 2026-09-09; this SHA is metadata evidence, not a production compatibility claim."
appwrite,integration,appwrite,https://github.com/appwrite/appwrite,verify upstream license and hosted costs,evaluate against existing UniGig boundary,P2,APPWRITE_URL,"appwrite: no reviewed per-tool manifest in this baseline; blocked pending its runtime, license, security, and credential review.",blocked-tool-specific,git clone --filter=blob:none https://github.com/appwrite/appwrite integrations/upstream/appwrite,reviewed immutable HEAD commit 0c0dd724d6e888d96cf96dea494868593ae597df on upstream branch main (git ls-remote probe 2026-09-09); pin this SHA before deployment,blocked record: appwrite — appwrite: requires tool-specific license/provider review and its runtime or external credentials; no production self-hosting is claimed.,reviewed-head-commit,"The recorded repository responded to git ls-remote on 2026-09-09; this SHA is metadata evidence, not a production compatibility claim."
directus,integration,directus,https://github.com/directus/directus,verify upstream license and hosted costs,evaluate against existing UniGig boundary,P2,DIRECTUS_URL,"directus: no reviewed per-tool manifest in this baseline; blocked pending its runtime, license, security, and credential review.",blocked-tool-specific,git clone --filter=blob:none https://github.com/directus/directus integrations/upstream/directus,reviewed immutable HEAD commit a5da59da94bb33c8d644df93a21403eca4c1a4e7 on upstream branch main (git ls-remote probe 2026-09-09); pin this SHA before deployment,blocked record: directus — directus: requires tool-specific license/provider review and its runtime or external credentials; no production self-hosting is claimed.,reviewed-head-commit,"The recorded repository responded to git ls-remote on 2026-09-09; this SHA is metadata evidence, not a production compatibility claim."
hasura,integration,hasura,https://github.com/hasura/hasura,verify upstream license and hosted costs,evaluate against existing UniGig boundary,P2,HASURA_URL,"hasura: no reviewed per-tool manifest in this baseline; blocked pending its runtime, license, security, and credential review.",blocked-tool-specific,git clone --filter=blob:none https://github.com/hasura/hasura integrations/upstream/hasura,unknown/unverified: do not pin until the recorded upstream is confirmed; remote did not return a HEAD reference during 2026-09-09 probe,blocked record: hasura — hasura: requires tool-specific license/provider review and its runtime or external credentials; no production self-hosting is claimed.,unknown/unverified,"The recorded repository URL https://github.com/hasura/hasura could not be resolved to a Git HEAD during the 2026-09-09 network probe (remote did not return a HEAD reference); it may be moved, renamed, unavailable, or require a different canonical owner. Verify the tool-specific upstream before cloning."
n8n,integration,n8n,https://github.com/n8n/n8n,verify upstream license and hosted costs,evaluate against existing UniGig boundary,P2,N8N_URL,"n8n: no reviewed per-tool manifest in this baseline; blocked pending its runtime, license, security, and credential review.",blocked-tool-specific,git clone --filter=blob:none https://github.com/n8n/n8n integrations/upstream/n8n,unknown/unverified: do not pin until the recorded upstream is confirmed; remote did not return a HEAD reference during 2026-09-09 probe,blocked record: n8n — n8n: requires tool-specific license/provider review and its runtime or external credentials; no production self-hosting is claimed.,unknown/unverified,"The recorded repository URL https://github.com/n8n/n8n could not be resolved to a Git HEAD during the 2026-09-09 network probe (remote did not return a HEAD reference); it may be moved, renamed, unavailable, or require a different canonical owner. Verify the tool-specific upstream before cloning."
temporal,workflow,temporal,https://github.com/temporal/temporal,verify upstream license and hosted costs,evaluate against existing UniGig boundary,P2,TEMPORAL_URL,"temporal: no reviewed per-tool manifest in this baseline; blocked pending its runtime, license, security, and credential review.",blocked-tool-specific,git clone --filter=blob:none https://github.com/temporal/temporal integrations/upstream/temporal,unknown/unverified: do not pin until the recorded upstream is confirmed; remote did not return a HEAD reference during 2026-09-09 probe,blocked record: temporal — temporal: requires tool-specific license/provider review and its runtime or external credentials; no production self-hosting is claimed.,unknown/unverified,"The recorded repository URL https://github.com/temporal/temporal could not be resolved to a Git HEAD during the 2026-09-09 network probe (remote did not return a HEAD reference); it may be moved, renamed, unavailable, or require a different canonical owner. Verify the tool-specific upstream before cloning."
celery,workflow,celery,https://github.com/celery/celery,verify upstream license and hosted costs,evaluate against existing UniGig boundary,P2,CELERY_URL,"celery: no reviewed per-tool manifest in this baseline; blocked pending its runtime, license, security, and credential review.",blocked-tool-specific,git clone --filter=blob:none https://github.com/celery/celery integrations/upstream/celery,reviewed immutable HEAD commit eb6547661b8cbe9fce98ebd24fe4ee952b416464 on upstream branch main (git ls-remote probe 2026-09-09); pin this SHA before deployment,blocked record: celery — celery: requires tool-specific license/provider review and its runtime or external credentials; no production self-hosting is claimed.,reviewed-head-commit,"The recorded repository responded to git ls-remote on 2026-09-09; this SHA is metadata evidence, not a production compatibility claim."
redis,cache,redis,https://github.com/redis/redis,verify upstream license and hosted costs,evaluate against existing UniGig boundary,P2,REDIS_URL,"redis: no reviewed per-tool manifest in this baseline; blocked pending its runtime, license, security, and credential review.",blocked-tool-specific,git clone --filter=blob:none https://github.com/redis/redis integrations/upstream/redis,reviewed immutable HEAD commit 48cc562064dbb52ef3f9cc1a5aa32db6811f5871 on upstream branch unstable (git ls-remote probe 2026-09-09); pin this SHA before deployment,"blocked record: redis — redis: self-hosting is feasible, but no service image is asserted in this baseline; add a reviewed pinned manifest after runtime validation.",reviewed-head-commit,"The recorded repository responded to git ls-remote on 2026-09-09; this SHA is metadata evidence, not a production compatibility claim."
valkey,cache,valkey,https://github.com/valkey/valkey,verify upstream license and hosted costs,evaluate against existing UniGig boundary,P2,VALKEY_URL,"valkey: no reviewed per-tool manifest in this baseline; blocked pending its runtime, license, security, and credential review.",blocked-tool-specific,git clone --filter=blob:none https://github.com/valkey/valkey integrations/upstream/valkey,unknown/unverified: do not pin until the recorded upstream is confirmed; remote did not return a HEAD reference during 2026-09-09 probe,"blocked record: valkey — valkey: self-hosting is feasible, but no service image is asserted in this baseline; add a reviewed pinned manifest after runtime validation.",unknown/unverified,"The recorded repository URL https://github.com/valkey/valkey could not be resolved to a Git HEAD during the 2026-09-09 network probe (remote did not return a HEAD reference); it may be moved, renamed, unavailable, or require a different canonical owner. Verify the tool-specific upstream before cloning."
postgres,database,postgres,https://github.com/postgres/postgres,verify upstream license and hosted costs,evaluate against existing UniGig boundary,P1,POSTGRES_URL,postgres: local compose profile exists; initialize locally and complete security/license review before use.,self-hostable-local-foundation,git clone --filter=blob:none https://github.com/postgres/postgres integrations/upstream/postgres,reviewed immutable HEAD commit 86f7c82cf1023e3599f40f939727791a7090cd44 on upstream branch master (git ls-remote probe 2026-09-09); pin this SHA before deployment,integrations/compose/docker-compose.yml (profile: core/ledger); initialize and review locally,reviewed-head-commit,"The recorded repository responded to git ls-remote on 2026-09-09; this SHA is metadata evidence, not a production compatibility claim."
cockroach,database,cockroach,https://github.com/cockroach/cockroach,verify upstream license and hosted costs,evaluate against existing UniGig boundary,P2,COCKROACH_URL,"cockroach: no reviewed per-tool manifest in this baseline; blocked pending its runtime, license, security, and credential review.",blocked-tool-specific,git clone --filter=blob:none https://github.com/cockroach/cockroach integrations/upstream/cockroach,unknown/unverified: do not pin until the recorded upstream is confirmed; remote did not return a HEAD reference during 2026-09-09 probe,blocked record: cockroach — cockroach: requires tool-specific license/provider review and its runtime or external credentials; no production self-hosting is claimed.,unknown/unverified,"The recorded repository URL https://github.com/cockroach/cockroach could not be resolved to a Git HEAD during the 2026-09-09 network probe (remote did not return a HEAD reference); it may be moved, renamed, unavailable, or require a different canonical owner. Verify the tool-specific upstream before cloning."
neo4j,database,neo4j,https://github.com/neo4j/neo4j,verify upstream license and hosted costs,evaluate against existing UniGig boundary,P2,NEO4J_URL,"neo4j: no reviewed per-tool manifest in this baseline; blocked pending its runtime, license, security, and credential review.",blocked-tool-specific,git clone --filter=blob:none https://github.com/neo4j/neo4j integrations/upstream/neo4j,reviewed immutable HEAD commit f213380f812b820a1b312e2ea52cb3d8f1931ccc on upstream branch 2026.07 (git ls-remote probe 2026-09-09); pin this SHA before deployment,blocked record: neo4j — neo4j: requires tool-specific license/provider review and its runtime or external credentials; no production self-hosting is claimed.,reviewed-head-commit,"The recorded repository responded to git ls-remote on 2026-09-09; this SHA is metadata evidence, not a production compatibility claim."
qdrant,search,qdrant,https://github.com/qdrant/qdrant,verify upstream license and hosted costs,evaluate against existing UniGig boundary,P2,QDRANT_URL,"qdrant: no reviewed per-tool manifest in this baseline; blocked pending its runtime, license, security, and credential review.",blocked-tool-specific,git clone --filter=blob:none https://github.com/qdrant/qdrant integrations/upstream/qdrant,reviewed immutable HEAD commit 6ab21cac18ebb6f4ae29102c7f8f5cc11affd5de on upstream branch master (git ls-remote probe 2026-09-09); pin this SHA before deployment,blocked record: qdrant — qdrant: requires tool-specific license/provider review and its runtime or external credentials; no production self-hosting is claimed.,reviewed-head-commit,"The recorded repository responded to git ls-remote on 2026-09-09; this SHA is metadata evidence, not a production compatibility claim."
weaviate,search,weaviate,https://github.com/weaviate/weaviate,verify upstream license and hosted costs,evaluate against existing UniGig boundary,P2,WEAVIATE_URL,"weaviate: no reviewed per-tool manifest in this baseline; blocked pending its runtime, license, security, and credential review.",blocked-tool-specific,git clone --filter=blob:none https://github.com/weaviate/weaviate integrations/upstream/weaviate,reviewed immutable HEAD commit 0b0a00f6b79478b991d17f4887b51ca17c12d3f5 on upstream branch main (git ls-remote probe 2026-09-09); pin this SHA before deployment,blocked record: weaviate — weaviate: requires tool-specific license/provider review and its runtime or external credentials; no production self-hosting is claimed.,reviewed-head-commit,"The recorded repository responded to git ls-remote on 2026-09-09; this SHA is metadata evidence, not a production compatibility claim."
meilisearch,search,meilisearch,https://github.com/meilisearch/meilisearch,verify upstream license and hosted costs,evaluate against existing UniGig boundary,P2,MEILISEARCH_URL,"meilisearch: no reviewed per-tool manifest in this baseline; blocked pending its runtime, license, security, and credential review.",blocked-tool-specific,git clone --filter=blob:none https://github.com/meilisearch/meilisearch integrations/upstream/meilisearch,reviewed immutable HEAD commit a088ecc354a0002d551acbc41bd87e4e72e7a8d8 on upstream branch main (git ls-remote probe 2026-09-09); pin this SHA before deployment,blocked record: meilisearch — meilisearch: requires tool-specific license/provider review and its runtime or external credentials; no production self-hosting is claimed.,reviewed-head-commit,"The recorded repository responded to git ls-remote on 2026-09-09; this SHA is metadata evidence, not a production compatibility claim."
opensearch,search,opensearch,https://github.com/opensearch/opensearch,verify upstream license and hosted costs,evaluate against existing UniGig boundary,P2,OPENSEARCH_URL,"opensearch: no reviewed per-tool manifest in this baseline; blocked pending its runtime, license, security, and credential review.",blocked-tool-specific,git clone --filter=blob:none https://github.com/opensearch/opensearch integrations/upstream/opensearch,unknown/unverified: do not pin until the recorded upstream is confirmed; remote did not return a HEAD reference during 2026-09-09 probe,blocked record: opensearch — opensearch: requires tool-specific license/provider review and its runtime or external credentials; no production self-hosting is claimed.,unknown/unverified,"The recorded repository URL https://github.com/opensearch/opensearch could not be resolved to a Git HEAD during the 2026-09-09 network probe (remote did not return a HEAD reference); it may be moved, renamed, unavailable, or require a different canonical owner. Verify the tool-specific upstream before cloning."
ollama,ai,ollama,https://github.com/ollama/ollama,verify upstream license and hosted costs,evaluate against existing UniGig boundary,P2,OLLAMA_URL,"ollama: no reviewed per-tool manifest in this baseline; blocked pending its runtime, license, security, and credential review.",blocked-tool-specific,git clone --filter=blob:none https://github.com/ollama/ollama integrations/upstream/ollama,reviewed immutable HEAD commit 86f72929348d384336b6f0adc129e71b2122abdc on upstream branch main (git ls-remote probe 2026-09-09); pin this SHA before deployment,blocked record: ollama — ollama: requires tool-specific license/provider review and its runtime or external credentials; no production self-hosting is claimed.,reviewed-head-commit,"The recorded repository responded to git ls-remote on 2026-09-09; this SHA is metadata evidence, not a production compatibility claim."
llama-cpp,ai,llama.cpp,https://github.com/ggml-org/llama.cpp,verify upstream license and hosted costs,evaluate against existing UniGig boundary,P2,LLAMA_CPP_URL,"llama-cpp: no reviewed per-tool manifest in this baseline; blocked pending its runtime, license, security, and credential review.",blocked-tool-specific,git clone --filter=blob:none https://github.com/ggml-org/llama.cpp integrations/upstream/llama-cpp,reviewed immutable HEAD commit 30b6a755e29692e8bc8e072885325716a2fee70f on upstream branch master (git ls-remote probe 2026-09-09); pin this SHA before deployment,blocked record: llama-cpp — llama-cpp: requires tool-specific license/provider review and its runtime or external credentials; no production self-hosting is claimed.,reviewed-head-commit,"The recorded repository responded to git ls-remote on 2026-09-09; this SHA is metadata evidence, not a production compatibility claim."
vllm,ai,vllm,https://github.com/vllm/vllm,verify upstream license and hosted costs,evaluate against existing UniGig boundary,P2,VLLM_URL,"vllm: no reviewed per-tool manifest in this baseline; blocked pending its runtime, license, security, and credential review.",blocked-tool-specific,git clone --filter=blob:none https://github.com/vllm/vllm integrations/upstream/vllm,unknown/unverified: do not pin until the recorded upstream is confirmed; remote did not return a HEAD reference during 2026-09-09 probe,"blocked record: vllm — vllm: requires unavailable host capability, Kubernetes, GPU, or privileged networking in this baseline.",unknown/unverified,"The recorded repository URL https://github.com/vllm/vllm could not be resolved to a Git HEAD during the 2026-09-09 network probe (remote did not return a HEAD reference); it may be moved, renamed, unavailable, or require a different canonical owner. Verify the tool-specific upstream before cloning."
litellm,ai,litellm,https://github.com/litellm/litellm,verify upstream license and hosted costs,evaluate against existing UniGig boundary,P2,LITELLM_URL,"litellm: no reviewed per-tool manifest in this baseline; blocked pending its runtime, license, security, and credential review.",blocked-tool-specific,git clone --filter=blob:none https://github.com/litellm/litellm integrations/upstream/litellm,unknown/unverified: do not pin until the recorded upstream is confirmed; remote did not return a HEAD reference during 2026-09-09 probe,blocked record: litellm — litellm: requires tool-specific license/provider review and its runtime or external credentials; no production self-hosting is claimed.,unknown/unverified,"The recorded repository URL https://github.com/litellm/litellm could not be resolved to a Git HEAD during the 2026-09-09 network probe (remote did not return a HEAD reference); it may be moved, renamed, unavailable, or require a different canonical owner. Verify the tool-specific upstream before cloning."
langchain,ai,langchain,https://github.com/langchain/langchain,verify upstream license and hosted costs,evaluate against existing UniGig boundary,P2,LANGCHAIN_URL,"langchain: no reviewed per-tool manifest in this baseline; blocked pending its runtime, license, security, and credential review.",blocked-tool-specific,git clone --filter=blob:none https://github.com/langchain/langchain integrations/upstream/langchain,unknown/unverified: do not pin until the recorded upstream is confirmed; remote did not return a HEAD reference during 2026-09-09 probe,blocked record: langchain — langchain: requires tool-specific license/provider review and its runtime or external credentials; no production self-hosting is claimed.,unknown/unverified,"The recorded repository URL https://github.com/langchain/langchain could not be resolved to a Git HEAD during the 2026-09-09 network probe (remote did not return a HEAD reference); it may be moved, renamed, unavailable, or require a different canonical owner. Verify the tool-specific upstream before cloning."
llamaindex,ai,llamaindex,https://github.com/llamaindex/llamaindex,verify upstream license and hosted costs,evaluate against existing UniGig boundary,P2,LLAMAINDEX_URL,"llamaindex: no reviewed per-tool manifest in this baseline; blocked pending its runtime, license, security, and credential review.",blocked-tool-specific,git clone --filter=blob:none https://github.com/llamaindex/llamaindex integrations/upstream/llamaindex,unknown/unverified: do not pin until the recorded upstream is confirmed; remote did not return a HEAD reference during 2026-09-09 probe,blocked record: llamaindex — llamaindex: requires tool-specific license/provider review and its runtime or external credentials; no production self-hosting is claimed.,unknown/unverified,"The recorded repository URL https://github.com/llamaindex/llamaindex could not be resolved to a Git HEAD during the 2026-09-09 network probe (remote did not return a HEAD reference); it may be moved, renamed, unavailable, or require a different canonical owner. Verify the tool-specific upstream before cloning."
haystack,ai,haystack,https://github.com/haystack/haystack,verify upstream license and hosted costs,evaluate against existing UniGig boundary,P2,HAYSTACK_URL,"haystack: no reviewed per-tool manifest in this baseline; blocked pending its runtime, license, security, and credential review.",blocked-tool-specific,git clone --filter=blob:none https://github.com/haystack/haystack integrations/upstream/haystack,unknown/unverified: do not pin until the recorded upstream is confirmed; remote did not return a HEAD reference during 2026-09-09 probe,blocked record: haystack — haystack: requires tool-specific license/provider review and its runtime or external credentials; no production self-hosting is claimed.,unknown/unverified,"The recorded repository URL https://github.com/haystack/haystack could not be resolved to a Git HEAD during the 2026-09-09 network probe (remote did not return a HEAD reference); it may be moved, renamed, unavailable, or require a different canonical owner. Verify the tool-specific upstream before cloning."
dspy,ai,dspy,https://github.com/dspy/dspy,verify upstream license and hosted costs,evaluate against existing UniGig boundary,P2,DSPY_URL,"dspy: no reviewed per-tool manifest in this baseline; blocked pending its runtime, license, security, and credential review.",blocked-tool-specific,git clone --filter=blob:none https://github.com/dspy/dspy integrations/upstream/dspy,unknown/unverified: do not pin until the recorded upstream is confirmed; remote did not return a HEAD reference during 2026-09-09 probe,blocked record: dspy — dspy: requires tool-specific license/provider review and its runtime or external credentials; no production self-hosting is claimed.,unknown/unverified,"The recorded repository URL https://github.com/dspy/dspy could not be resolved to a Git HEAD during the 2026-09-09 network probe (remote did not return a HEAD reference); it may be moved, renamed, unavailable, or require a different canonical owner. Verify the tool-specific upstream before cloning."
pytorch,ai,pytorch,https://github.com/pytorch/pytorch,verify upstream license and hosted costs,evaluate against existing UniGig boundary,P2,PYTORCH_URL,"pytorch: no reviewed per-tool manifest in this baseline; blocked pending its runtime, license, security, and credential review.",blocked-tool-specific,git clone --filter=blob:none https://github.com/pytorch/pytorch integrations/upstream/pytorch,reviewed immutable HEAD commit 6df74531a6e7226f48394c5cb7af2953f2841a2a on upstream branch main (git ls-remote probe 2026-09-09); pin this SHA before deployment,blocked record: pytorch — pytorch: requires tool-specific license/provider review and its runtime or external credentials; no production self-hosting is claimed.,reviewed-head-commit,"The recorded repository responded to git ls-remote on 2026-09-09; this SHA is metadata evidence, not a production compatibility claim."
tensorflow,ai,tensorflow,https://github.com/tensorflow/tensorflow,verify upstream license and hosted costs,evaluate against existing UniGig boundary,P2,TENSORFLOW_URL,"tensorflow: no reviewed per-tool manifest in this baseline; blocked pending its runtime, license, security, and credential review.",blocked-tool-specific,git clone --filter=blob:none https://github.com/tensorflow/tensorflow integrations/upstream/tensorflow,reviewed immutable HEAD commit e29f7dcd316835cb5be90bf654cf9a324d162cc3 on upstream branch master (git ls-remote probe 2026-09-09); pin this SHA before deployment,blocked record: tensorflow — tensorflow: requires tool-specific license/provider review and its runtime or external credentials; no production self-hosting is claimed.,reviewed-head-commit,"The recorded repository responded to git ls-remote on 2026-09-09; this SHA is metadata evidence, not a production compatibility claim."
scikit-learn,ai,scikit-learn,https://github.com/scikit-learn/scikit-learn,verify upstream license and hosted costs,evaluate against existing UniGig boundary,P2,SCIKIT_LEARN_URL,"scikit-learn: no reviewed per-tool manifest in this baseline; blocked pending its runtime, license, security, and credential review.",blocked-tool-specific,git clone --filter=blob:none https://github.com/scikit-learn/scikit-learn integrations/upstream/scikit-learn,reviewed immutable HEAD commit 2cc7893a2097be891426ca6a4d9ea2e14cf82b9c on upstream branch main (git ls-remote probe 2026-09-09); pin this SHA before deployment,blocked record: scikit-learn — scikit-learn: requires tool-specific license/provider review and its runtime or external credentials; no production self-hosting is claimed.,reviewed-head-commit,"The recorded repository responded to git ls-remote on 2026-09-09; this SHA is metadata evidence, not a production compatibility claim."
mlflow,ai,mlflow,https://github.com/mlflow/mlflow,verify upstream license and hosted costs,evaluate against existing UniGig boundary,P2,MLFLOW_URL,"mlflow: no reviewed per-tool manifest in this baseline; blocked pending its runtime, license, security, and credential review.",blocked-tool-specific,git clone --filter=blob:none https://github.com/mlflow/mlflow integrations/upstream/mlflow,reviewed immutable HEAD commit 4d729911ff92780cc29a7e466960c10fd3b96e06 on upstream branch master (git ls-remote probe 2026-09-09); pin this SHA before deployment,blocked record: mlflow — mlflow: requires tool-specific license/provider review and its runtime or external credentials; no production self-hosting is claimed.,reviewed-head-commit,"The recorded repository responded to git ls-remote on 2026-09-09; this SHA is metadata evidence, not a production compatibility claim."
jupyter,developer-tools,jupyter,https://github.com/jupyter/jupyter,verify upstream license and hosted costs,evaluate against existing UniGig boundary,P2,JUPYTER_URL,"jupyter: no reviewed per-tool manifest in this baseline; blocked pending its runtime, license, security, and credential review.",blocked-tool-specific,git clone --filter=blob:none https://github.com/jupyter/jupyter integrations/upstream/jupyter,reviewed immutable HEAD commit 6b5eb0f469c7bc3ea43d6d2a0ba1057853c9a3a5 on upstream branch master (git ls-remote probe 2026-09-09); pin this SHA before deployment,blocked record: jupyter — jupyter: requires tool-specific license/provider review and its runtime or external credentials; no production self-hosting is claimed.,reviewed-head-commit,"The recorded repository responded to git ls-remote on 2026-09-09; this SHA is metadata evidence, not a production compatibility claim."
gitlab,developer-tools,gitlab,https://github.com/gitlab/gitlab,verify upstream license and hosted costs,evaluate against existing UniGig boundary,P2,GITLAB_URL,"gitlab: no reviewed per-tool manifest in this baseline; blocked pending its runtime, license, security, and credential review.",blocked-tool-specific,git clone --filter=blob:none https://github.com/gitlab/gitlab integrations/upstream/gitlab,unknown/unverified: do not pin until the recorded upstream is confirmed; remote did not return a HEAD reference during 2026-09-09 probe,blocked record: gitlab — gitlab: requires tool-specific license/provider review and its runtime or external credentials; no production self-hosting is claimed.,unknown/unverified,"The recorded repository URL https://github.com/gitlab/gitlab could not be resolved to a Git HEAD during the 2026-09-09 network probe (remote did not return a HEAD reference); it may be moved, renamed, unavailable, or require a different canonical owner. Verify the tool-specific upstream before cloning."
gitea,developer-tools,gitea,https://github.com/gitea/gitea,verify upstream license and hosted costs,evaluate against existing UniGig boundary,P2,GITEA_URL,"gitea: no reviewed per-tool manifest in this baseline; blocked pending its runtime, license, security, and credential review.",blocked-tool-specific,git clone --filter=blob:none https://github.com/gitea/gitea integrations/upstream/gitea,unknown/unverified: do not pin until the recorded upstream is confirmed; remote did not return a HEAD reference during 2026-09-09 probe,blocked record: gitea — gitea: requires tool-specific license/provider review and its runtime or external credentials; no production self-hosting is claimed.,unknown/unverified,"The recorded repository URL https://github.com/gitea/gitea could not be resolved to a Git HEAD during the 2026-09-09 network probe (remote did not return a HEAD reference); it may be moved, renamed, unavailable, or require a different canonical owner. Verify the tool-specific upstream before cloning."
forgejo,developer-tools,forgejo,https://github.com/forgejo/forgejo,verify upstream license and hosted costs,evaluate against existing UniGig boundary,P2,FORGEJO_URL,"forgejo: no reviewed per-tool manifest in this baseline; blocked pending its runtime, license, security, and credential review.",blocked-tool-specific,git clone --filter=blob:none https://github.com/forgejo/forgejo integrations/upstream/forgejo,unknown/unverified: do not pin until the recorded upstream is confirmed; remote did not return a HEAD reference during 2026-09-09 probe,blocked record: forgejo — forgejo: requires tool-specific license/provider review and its runtime or external credentials; no production self-hosting is claimed.,unknown/unverified,"The recorded repository URL https://github.com/forgejo/forgejo could not be resolved to a Git HEAD during the 2026-09-09 network probe (remote did not return a HEAD reference); it may be moved, renamed, unavailable, or require a different canonical owner. Verify the tool-specific upstream before cloning."
woodpecker,ci,woodpecker,https://github.com/woodpecker/woodpecker,verify upstream license and hosted costs,evaluate against existing UniGig boundary,P2,WOODPECKER_URL,"woodpecker: no reviewed per-tool manifest in this baseline; blocked pending its runtime, license, security, and credential review.",blocked-tool-specific,git clone --filter=blob:none https://github.com/woodpecker/woodpecker integrations/upstream/woodpecker,unknown/unverified: do not pin until the recorded upstream is confirmed; remote did not return a HEAD reference during 2026-09-09 probe,blocked record: woodpecker — woodpecker: requires tool-specific license/provider review and its runtime or external credentials; no production self-hosting is claimed.,unknown/unverified,"The recorded repository URL https://github.com/woodpecker/woodpecker could not be resolved to a Git HEAD during the 2026-09-09 network probe (remote did not return a HEAD reference); it may be moved, renamed, unavailable, or require a different canonical owner. Verify the tool-specific upstream before cloning."
drone,ci,drone,https://github.com/drone/drone,verify upstream license and hosted costs,evaluate against existing UniGig boundary,P2,DRONE_URL,"drone: no reviewed per-tool manifest in this baseline; blocked pending its runtime, license, security, and credential review.",blocked-tool-specific,git clone --filter=blob:none https://github.com/drone/drone integrations/upstream/drone,reviewed immutable HEAD commit 3da21b971702d95fcdb6b3e66a036b7f719a0c87 on upstream branch main (git ls-remote probe 2026-09-09); pin this SHA before deployment,blocked record: drone — drone: requires tool-specific license/provider review and its runtime or external credentials; no production self-hosting is claimed.,reviewed-head-commit,"The recorded repository responded to git ls-remote on 2026-09-09; this SHA is metadata evidence, not a production compatibility claim."
tekton,ci,tekton,https://github.com/tekton/tekton,verify upstream license and hosted costs,evaluate against existing UniGig boundary,P2,TEKTON_URL,"tekton: no reviewed per-tool manifest in this baseline; blocked pending its runtime, license, security, and credential review.",blocked-tool-specific,git clone --filter=blob:none https://github.com/tekton/tekton integrations/upstream/tekton,unknown/unverified: do not pin until the recorded upstream is confirmed; remote did not return a HEAD reference during 2026-09-09 probe,"blocked record: tekton — tekton: requires unavailable host capability, Kubernetes, GPU, or privileged networking in this baseline.",unknown/unverified,"The recorded repository URL https://github.com/tekton/tekton could not be resolved to a Git HEAD during the 2026-09-09 network probe (remote did not return a HEAD reference); it may be moved, renamed, unavailable, or require a different canonical owner. Verify the tool-specific upstream before cloning."
argo-workflows,workflow,argo-workflows,https://github.com/argo-workflows/argo-workflows,verify upstream license and hosted costs,evaluate against existing UniGig boundary,P2,ARGO_WORKFLOWS_URL,"argo-workflows: no reviewed per-tool manifest in this baseline; blocked pending its runtime, license, security, and credential review.",blocked-tool-specific,git clone --filter=blob:none https://github.com/argo-workflows/argo-workflows integrations/upstream/argo-workflows,unknown/unverified: do not pin until the recorded upstream is confirmed; remote did not return a HEAD reference during 2026-09-09 probe,"blocked record: argo-workflows — argo-workflows: requires unavailable host capability, Kubernetes, GPU, or privileged networking in this baseline.",unknown/unverified,"The recorded repository URL https://github.com/argo-workflows/argo-workflows could not be resolved to a Git HEAD during the 2026-09-09 network probe (remote did not return a HEAD reference); it may be moved, renamed, unavailable, or require a different canonical owner. Verify the tool-specific upstream before cloning."
prometheus,observability,prometheus,https://github.com/prometheus/prometheus,verify upstream license and hosted costs,evaluate against existing UniGig boundary,P2,PROMETHEUS_URL,"prometheus: no reviewed per-tool manifest in this baseline; blocked pending its runtime, license, security, and credential review.",blocked-tool-specific,git clone --filter=blob:none https://github.com/prometheus/prometheus integrations/upstream/prometheus,reviewed immutable HEAD commit 78169fb57d69371b24863b0f26555631a754204c on upstream branch main (git ls-remote probe 2026-09-09); pin this SHA before deployment,"blocked record: prometheus — prometheus: self-hosting is feasible, but no service image is asserted in this baseline; add a reviewed pinned manifest after runtime validation.",reviewed-head-commit,"The recorded repository responded to git ls-remote on 2026-09-09; this SHA is metadata evidence, not a production compatibility claim."
grafana,observability,grafana,https://github.com/grafana/grafana,verify upstream license and hosted costs,evaluate against existing UniGig boundary,P2,GRAFANA_URL,"grafana: no reviewed per-tool manifest in this baseline; blocked pending its runtime, license, security, and credential review.",blocked-tool-specific,git clone --filter=blob:none https://github.com/grafana/grafana integrations/upstream/grafana,reviewed immutable HEAD commit 85de834cd7c3a89c06ee74e3be48531ce6ac881f on upstream branch main (git ls-remote probe 2026-09-09); pin this SHA before deployment,"blocked record: grafana — grafana: self-hosting is feasible, but no service image is asserted in this baseline; add a reviewed pinned manifest after runtime validation.",reviewed-head-commit,"The recorded repository responded to git ls-remote on 2026-09-09; this SHA is metadata evidence, not a production compatibility claim."
loki,observability,loki,https://github.com/loki/loki,verify upstream license and hosted costs,evaluate against existing UniGig boundary,P2,LOKI_URL,"loki: no reviewed per-tool manifest in this baseline; blocked pending its runtime, license, security, and credential review.",blocked-tool-specific,git clone --filter=blob:none https://github.com/loki/loki integrations/upstream/loki,reviewed immutable HEAD commit 0ef5122b5cd5217277a290d61d6f087b8c8cba9b on upstream branch main (git ls-remote probe 2026-09-09); pin this SHA before deployment,blocked record: loki — loki: requires tool-specific license/provider review and its runtime or external credentials; no production self-hosting is claimed.,reviewed-head-commit,"The recorded repository responded to git ls-remote on 2026-09-09; this SHA is metadata evidence, not a production compatibility claim."
tempo,observability,tempo,https://github.com/tempo/tempo,verify upstream license and hosted costs,evaluate against existing UniGig boundary,P2,TEMPO_URL,"tempo: no reviewed per-tool manifest in this baseline; blocked pending its runtime, license, security, and credential review.",blocked-tool-specific,git clone --filter=blob:none https://github.com/tempo/tempo integrations/upstream/tempo,unknown/unverified: do not pin until the recorded upstream is confirmed; remote did not return a HEAD reference during 2026-09-09 probe,blocked record: tempo — tempo: requires tool-specific license/provider review and its runtime or external credentials; no production self-hosting is claimed.,unknown/unverified,"The recorded repository URL https://github.com/tempo/tempo could not be resolved to a Git HEAD during the 2026-09-09 network probe (remote did not return a HEAD reference); it may be moved, renamed, unavailable, or require a different canonical owner. Verify the tool-specific upstream before cloning."
otel-collector,observability,opentelemetry-collector,https://github.com/open-telemetry/opentelemetry-collector,verify upstream license and hosted costs,evaluate against existing UniGig boundary,P2,OTEL_COLLECTOR_URL,"otel-collector: no reviewed per-tool manifest in this baseline; blocked pending its runtime, license, security, and credential review.",blocked-tool-specific,git clone --filter=blob:none https://github.com/open-telemetry/opentelemetry-collector integrations/upstream/otel-collector,reviewed immutable HEAD commit af735319546aa0b4b94e25609d9157fff6f93b6c on upstream branch main (git ls-remote probe 2026-09-09); pin this SHA before deployment,blocked record: otel-collector — otel-collector: requires tool-specific license/provider review and its runtime or external credentials; no production self-hosting is claimed.,reviewed-head-commit,"The recorded repository responded to git ls-remote on 2026-09-09; this SHA is metadata evidence, not a production compatibility claim."
jaeger,observability,jaeger,https://github.com/jaeger/jaeger,verify upstream license and hosted costs,evaluate against existing UniGig boundary,P2,JAEGER_URL,"jaeger: no reviewed per-tool manifest in this baseline; blocked pending its runtime, license, security, and credential review.",blocked-tool-specific,git clone --filter=blob:none https://github.com/jaeger/jaeger integrations/upstream/jaeger,unknown/unverified: do not pin until the recorded upstream is confirmed; remote did not return a HEAD reference during 2026-09-09 probe,blocked record: jaeger — jaeger: requires tool-specific license/provider review and its runtime or external credentials; no production self-hosting is claimed.,unknown/unverified,"The recorded repository URL https://github.com/jaeger/jaeger could not be resolved to a Git HEAD during the 2026-09-09 network probe (remote did not return a HEAD reference); it may be moved, renamed, unavailable, or require a different canonical owner. Verify the tool-specific upstream before cloning."
sentry,observability,sentry,https://github.com/sentry/sentry,verify upstream license and hosted costs,evaluate against existing UniGig boundary,P2,SENTRY_URL,"sentry: no reviewed per-tool manifest in this baseline; blocked pending its runtime, license, security, and credential review.",blocked-tool-specific,git clone --filter=blob:none https://github.com/sentry/sentry integrations/upstream/sentry,unknown/unverified: do not pin until the recorded upstream is confirmed; remote did not return a HEAD reference during 2026-09-09 probe,blocked record: sentry — sentry: requires tool-specific license/provider review and its runtime or external credentials; no production self-hosting is claimed.,unknown/unverified,"The recorded repository URL https://github.com/sentry/sentry could not be resolved to a Git HEAD during the 2026-09-09 network probe (remote did not return a HEAD reference); it may be moved, renamed, unavailable, or require a different canonical owner. Verify the tool-specific upstream before cloning."
glitchtip,observability,glitchtip,https://github.com/glitchtip/glitchtip,verify upstream license and hosted costs,evaluate against existing UniGig boundary,P2,GLITCHTIP_URL,"glitchtip: no reviewed per-tool manifest in this baseline; blocked pending its runtime, license, security, and credential review.",blocked-tool-specific,git clone --filter=blob:none https://github.com/glitchtip/glitchtip integrations/upstream/glitchtip,reviewed immutable HEAD commit 54ce24eb3575a8097eaabe54eb451aec971b7a07 on upstream branch master (git ls-remote probe 2026-09-09); pin this SHA before deployment,blocked record: glitchtip — glitchtip: requires tool-specific license/provider review and its runtime or external credentials; no production self-hosting is claimed.,reviewed-head-commit,"The recorded repository responded to git ls-remote on 2026-09-09; this SHA is metadata evidence, not a production compatibility claim."
umami,analytics,umami,https://github.com/umami/umami,verify upstream license and hosted costs,evaluate against existing UniGig boundary,P2,UMAMI_URL,"umami: no reviewed per-tool manifest in this baseline; blocked pending its runtime, license, security, and credential review.",blocked-tool-specific,git clone --filter=blob:none https://github.com/umami/umami integrations/upstream/umami,unknown/unverified: do not pin until the recorded upstream is confirmed; remote did not return a HEAD reference during 2026-09-09 probe,blocked record: umami — umami: requires tool-specific license/provider review and its runtime or external credentials; no production self-hosting is claimed.,unknown/unverified,"The recorded repository URL https://github.com/umami/umami could not be resolved to a Git HEAD during the 2026-09-09 network probe (remote did not return a HEAD reference); it may be moved, renamed, unavailable, or require a different canonical owner. Verify the tool-specific upstream before cloning."
matomo,analytics,matomo,https://github.com/matomo/matomo,verify upstream license and hosted costs,evaluate against existing UniGig boundary,P2,MATOMO_URL,"matomo: no reviewed per-tool manifest in this baseline; blocked pending its runtime, license, security, and credential review.",blocked-tool-specific,git clone --filter=blob:none https://github.com/matomo/matomo integrations/upstream/matomo,reviewed immutable HEAD commit e5e405c73656847dab2bc0fd2a04990ceb2805e7 on upstream branch main (git ls-remote probe 2026-09-09); pin this SHA before deployment,blocked record: matomo — matomo: requires tool-specific license/provider review and its runtime or external credentials; no production self-hosting is claimed.,reviewed-head-commit,"The recorded repository responded to git ls-remote on 2026-09-09; this SHA is metadata evidence, not a production compatibility claim."
posthog,analytics,posthog,https://github.com/posthog/posthog,verify upstream license and hosted costs,evaluate against existing UniGig boundary,P2,POSTHOG_URL,"posthog: no reviewed per-tool manifest in this baseline; blocked pending its runtime, license, security, and credential review.",blocked-tool-specific,git clone --filter=blob:none https://github.com/posthog/posthog integrations/upstream/posthog,reviewed immutable HEAD commit 8f6e8b64037ca33165f3106bd75fa76df7139ef0 on upstream branch master (git ls-remote probe 2026-09-09); pin this SHA before deployment,blocked record: posthog — posthog: requires tool-specific license/provider review and its runtime or external credentials; no production self-hosting is claimed.,reviewed-head-commit,"The recorded repository responded to git ls-remote on 2026-09-09; this SHA is metadata evidence, not a production compatibility claim."
plausible,analytics,plausible,https://github.com/plausible/plausible,verify upstream license and hosted costs,evaluate against existing UniGig boundary,P2,PLAUSIBLE_URL,"plausible: no reviewed per-tool manifest in this baseline; blocked pending its runtime, license, security, and credential review.",blocked-tool-specific,git clone --filter=blob:none https://github.com/plausible/plausible integrations/upstream/plausible,reviewed immutable HEAD commit e74d6fb214b76664442d6a6bb8d96e74807ccfbf on upstream branch master (git ls-remote probe 2026-09-09); pin this SHA before deployment,blocked record: plausible — plausible: requires tool-specific license/provider review and its runtime or external credentials; no production self-hosting is claimed.,reviewed-head-commit,"The recorded repository responded to git ls-remote on 2026-09-09; this SHA is metadata evidence, not a production compatibility claim."
keycloakify,identity,keycloakify,https://github.com/keycloakify/keycloakify,verify upstream license and hosted costs,evaluate against existing UniGig boundary,P2,KEYCLOAKIFY_URL,"keycloakify: no reviewed per-tool manifest in this baseline; blocked pending its runtime, license, security, and credential review.",blocked-tool-specific,git clone --filter=blob:none https://github.com/keycloakify/keycloakify integrations/upstream/keycloakify,reviewed immutable HEAD commit 3a904639ae4b442add1926aba143960618fe271a on upstream branch main (git ls-remote probe 2026-09-09); pin this SHA before deployment,blocked record: keycloakify — keycloakify: requires tool-specific license/provider review and its runtime or external credentials; no production self-hosting is claimed.,reviewed-head-commit,"The recorded repository responded to git ls-remote on 2026-09-09; this SHA is metadata evidence, not a production compatibility claim."
ory-kratos,identity,ory-kratos,https://github.com/ory-kratos/ory-kratos,verify upstream license and hosted costs,evaluate against existing UniGig boundary,P3,ORY_KRATOS_URL,"ory-kratos: no reviewed per-tool manifest in this baseline; blocked pending its runtime, license, security, and credential review.",blocked-tool-specific,git clone --filter=blob:none https://github.com/ory-kratos/ory-kratos integrations/upstream/ory-kratos,unknown/unverified: do not pin until the recorded upstream is confirmed; remote did not return a HEAD reference during 2026-09-09 probe,blocked record: ory-kratos — ory-kratos: requires tool-specific license/provider review and its runtime or external credentials; no production self-hosting is claimed.,unknown/unverified,"The recorded repository URL https://github.com/ory-kratos/ory-kratos could not be resolved to a Git HEAD during the 2026-09-09 network probe (remote did not return a HEAD reference); it may be moved, renamed, unavailable, or require a different canonical owner. Verify the tool-specific upstream before cloning."
authentik,identity,authentik,https://github.com/authentik/authentik,verify upstream license and hosted costs,evaluate against existing UniGig boundary,P3,AUTHENTIK_URL,"authentik: no reviewed per-tool manifest in this baseline; blocked pending its runtime, license, security, and credential review.",blocked-tool-specific,git clone --filter=blob:none https://github.com/authentik/authentik integrations/upstream/authentik,unknown/unverified: do not pin until the recorded upstream is confirmed; remote did not return a HEAD reference during 2026-09-09 probe,blocked record: authentik — authentik: requires tool-specific license/provider review and its runtime or external credentials; no production self-hosting is claimed.,unknown/unverified,"The recorded repository URL https://github.com/authentik/authentik could not be resolved to a Git HEAD during the 2026-09-09 network probe (remote did not return a HEAD reference); it may be moved, renamed, unavailable, or require a different canonical owner. Verify the tool-specific upstream before cloning."
zitadel,identity,zitadel,https://github.com/zitadel/zitadel,verify upstream license and hosted costs,evaluate against existing UniGig boundary,P3,ZITADEL_URL,"zitadel: no reviewed per-tool manifest in this baseline; blocked pending its runtime, license, security, and credential review.",blocked-tool-specific,git clone --filter=blob:none https://github.com/zitadel/zitadel integrations/upstream/zitadel,reviewed immutable HEAD commit 684de2e691278eb5d2da057651ff102842cf01ce on upstream branch main (git ls-remote probe 2026-09-09); pin this SHA before deployment,blocked record: zitadel — zitadel: requires tool-specific license/provider review and its runtime or external credentials; no production self-hosting is claimed.,reviewed-head-commit,"The recorded repository responded to git ls-remote on 2026-09-09; this SHA is metadata evidence, not a production compatibility claim."
benthos,workflow,benthos,https://github.com/benthos/benthos,verify upstream license and hosted costs,evaluate against existing UniGig boundary,P3,BENTHOS_URL,"benthos: no reviewed per-tool manifest in this baseline; blocked pending its runtime, license, security, and credential review.",blocked-tool-specific,git clone --filter=blob:none https://github.com/benthos/benthos integrations/upstream/benthos,unknown/unverified: do not pin until the recorded upstream is confirmed; remote did not return a HEAD reference during 2026-09-09 probe,blocked record: benthos — benthos: requires tool-specific license/provider review and its runtime or external credentials; no production self-hosting is claimed.,unknown/unverified,"The recorded repository URL https://github.com/benthos/benthos could not be resolved to a Git HEAD during the 2026-09-09 network probe (remote did not return a HEAD reference); it may be moved, renamed, unavailable, or require a different canonical owner. Verify the tool-specific upstream before cloning."
nats,messaging,nats,https://github.com/nats/nats,verify upstream license and hosted costs,evaluate against existing UniGig boundary,P3,NATS_URL,"nats: no reviewed per-tool manifest in this baseline; blocked pending its runtime, license, security, and credential review.",blocked-tool-specific,git clone --filter=blob:none https://github.com/nats/nats integrations/upstream/nats,unknown/unverified: do not pin until the recorded upstream is confirmed; remote did not return a HEAD reference during 2026-09-09 probe,"blocked record: nats — nats: self-hosting is feasible, but no service image is asserted in this baseline; add a reviewed pinned manifest after runtime validation.",unknown/unverified,"The recorded repository URL https://github.com/nats/nats could not be resolved to a Git HEAD during the 2026-09-09 network probe (remote did not return a HEAD reference); it may be moved, renamed, unavailable, or require a different canonical owner. Verify the tool-specific upstream before cloning."
kafka,messaging,kafka,https://github.com/kafka/kafka,verify upstream license and hosted costs,evaluate against existing UniGig boundary,P3,KAFKA_URL,"kafka: no reviewed per-tool manifest in this baseline; blocked pending its runtime, license, security, and credential review.",blocked-tool-specific,git clone --filter=blob:none https://github.com/kafka/kafka integrations/upstream/kafka,unknown/unverified: do not pin until the recorded upstream is confirmed; remote did not return a HEAD reference during 2026-09-09 probe,blocked record: kafka — kafka: requires tool-specific license/provider review and its runtime or external credentials; no production self-hosting is claimed.,unknown/unverified,"The recorded repository URL https://github.com/kafka/kafka could not be resolved to a Git HEAD during the 2026-09-09 network probe (remote did not return a HEAD reference); it may be moved, renamed, unavailable, or require a different canonical owner. Verify the tool-specific upstream before cloning."
redpanda,messaging,redpanda,https://github.com/redpanda/redpanda,verify upstream license and hosted costs,evaluate against existing UniGig boundary,P3,REDPANDA_URL,"redpanda: no reviewed per-tool manifest in this baseline; blocked pending its runtime, license, security, and credential review.",blocked-tool-specific,git clone --filter=blob:none https://github.com/redpanda/redpanda integrations/upstream/redpanda,unknown/unverified: do not pin until the recorded upstream is confirmed; remote did not return a HEAD reference during 2026-09-09 probe,blocked record: redpanda — redpanda: requires tool-specific license/provider review and its runtime or external credentials; no production self-hosting is claimed.,unknown/unverified,"The recorded repository URL https://github.com/redpanda/redpanda could not be resolved to a Git HEAD during the 2026-09-09 network probe (remote did not return a HEAD reference); it may be moved, renamed, unavailable, or require a different canonical owner. Verify the tool-specific upstream before cloning."
rabbitmq,messaging,rabbitmq,https://github.com/rabbitmq/rabbitmq,verify upstream license and hosted costs,evaluate against existing UniGig boundary,P3,RABBITMQ_URL,"rabbitmq: no reviewed per-tool manifest in this baseline; blocked pending its runtime, license, security, and credential review.",blocked-tool-specific,git clone --filter=blob:none https://github.com/rabbitmq/rabbitmq integrations/upstream/rabbitmq,unknown/unverified: do not pin until the recorded upstream is confirmed; remote did not return a HEAD reference during 2026-09-09 probe,"blocked record: rabbitmq — rabbitmq: self-hosting is feasible, but no service image is asserted in this baseline; add a reviewed pinned manifest after runtime validation.",unknown/unverified,"The recorded repository URL https://github.com/rabbitmq/rabbitmq could not be resolved to a Git HEAD during the 2026-09-09 network probe (remote did not return a HEAD reference); it may be moved, renamed, unavailable, or require a different canonical owner. Verify the tool-specific upstream before cloning."
zookeeper,messaging,zookeeper,https://github.com/zookeeper/zookeeper,verify upstream license and hosted costs,evaluate against existing UniGig boundary,P3,ZOOKEEPER_URL,"zookeeper: no reviewed per-tool manifest in this baseline; blocked pending its runtime, license, security, and credential review.",blocked-tool-specific,git clone --filter=blob:none https://github.com/zookeeper/zookeeper integrations/upstream/zookeeper,unknown/unverified: do not pin until the recorded upstream is confirmed; remote did not return a HEAD reference during 2026-09-09 probe,blocked record: zookeeper — zookeeper: requires tool-specific license/provider review and its runtime or external credentials; no production self-hosting is claimed.,unknown/unverified,"The recorded repository URL https://github.com/zookeeper/zookeeper could not be resolved to a Git HEAD during the 2026-09-09 network probe (remote did not return a HEAD reference); it may be moved, renamed, unavailable, or require a different canonical owner. Verify the tool-specific upstream before cloning."
mattermost,collaboration,mattermost,https://github.com/mattermost/mattermost,verify upstream license and hosted costs,evaluate against existing UniGig boundary,P3,MATTERMOST_URL,"mattermost: no reviewed per-tool manifest in this baseline; blocked pending its runtime, license, security, and credential review.",blocked-tool-specific,git clone --filter=blob:none https://github.com/mattermost/mattermost integrations/upstream/mattermost,reviewed immutable HEAD commit e75e823ff2ad0d373ea3f7ed60c86e45966608a2 on upstream branch master (git ls-remote probe 2026-09-09); pin this SHA before deployment,blocked record: mattermost — mattermost: requires tool-specific license/provider review and its runtime or external credentials; no production self-hosting is claimed.,reviewed-head-commit,"The recorded repository responded to git ls-remote on 2026-09-09; this SHA is metadata evidence, not a production compatibility claim."
matrix-synapse,collaboration,synapse,https://github.com/element-hq/synapse,verify upstream license and hosted costs,evaluate against existing UniGig boundary,P3,MATRIX_SYNAPSE_URL,"matrix-synapse: no reviewed per-tool manifest in this baseline; blocked pending its runtime, license, security, and credential review.",blocked-tool-specific,git clone --filter=blob:none https://github.com/element-hq/synapse integrations/upstream/matrix-synapse,reviewed immutable HEAD commit 02ebf4e286ad9acef3c412d16eb45e5f61e26030 on upstream branch develop (git ls-remote probe 2026-09-09); pin this SHA before deployment,blocked record: matrix-synapse — matrix-synapse: requires tool-specific license/provider review and its runtime or external credentials; no production self-hosting is claimed.,reviewed-head-commit,"The recorded repository responded to git ls-remote on 2026-09-09; this SHA is metadata evidence, not a production compatibility claim."
calcom,scheduling,cal.com,https://github.com/calcom/cal.com,verify upstream license and hosted costs,evaluate against existing UniGig boundary,P3,CALCOM_URL,"calcom: no reviewed per-tool manifest in this baseline; blocked pending its runtime, license, security, and credential review.",blocked-tool-specific,git clone --filter=blob:none https://github.com/calcom/cal.com integrations/upstream/calcom,reviewed immutable HEAD commit 1251ba5be567d26a7f922452fe7797642376476e on upstream branch main (git ls-remote probe 2026-09-09); pin this SHA before deployment,blocked record: calcom — calcom: requires tool-specific license/provider review and its runtime or external credentials; no production self-hosting is claimed.,reviewed-head-commit,"The recorded repository responded to git ls-remote on 2026-09-09; this SHA is metadata evidence, not a production compatibility claim."
jitsi,collaboration,jitsi,https://github.com/jitsi/jitsi,verify upstream license and hosted costs,evaluate against existing UniGig boundary,P3,JITSI_URL,"jitsi: no reviewed per-tool manifest in this baseline; blocked pending its runtime, license, security, and credential review.",blocked-tool-specific,git clone --filter=blob:none https://github.com/jitsi/jitsi integrations/upstream/jitsi,reviewed immutable HEAD commit 7bde4ffebc9621d558ebb9953370395cba24f83c on upstream branch master (git ls-remote probe 2026-09-09); pin this SHA before deployment,blocked record: jitsi — jitsi: requires tool-specific license/provider review and its runtime or external credentials; no production self-hosting is claimed.,reviewed-head-commit,"The recorded repository responded to git ls-remote on 2026-09-09; this SHA is metadata evidence, not a production compatibility claim."
livekit,collaboration,livekit,https://github.com/livekit/livekit,verify upstream license and hosted costs,evaluate against existing UniGig boundary,P3,LIVEKIT_URL,"livekit: no reviewed per-tool manifest in this baseline; blocked pending its runtime, license, security, and credential review.",blocked-tool-specific,git clone --filter=blob:none https://github.com/livekit/livekit integrations/upstream/livekit,reviewed immutable HEAD commit 5121860448763817c72ab211adf693e99c3c2c60 on upstream branch master (git ls-remote probe 2026-09-09); pin this SHA before deployment,blocked record: livekit — livekit: requires tool-specific license/provider review and its runtime or external credentials; no production self-hosting is claimed.,reviewed-head-commit,"The recorded repository responded to git ls-remote on 2026-09-09; this SHA is metadata evidence, not a production compatibility claim."
matterbridge,collaboration,matterbridge,https://github.com/matterbridge/matterbridge,verify upstream license and hosted costs,evaluate against existing UniGig boundary,P3,MATTERBRIDGE_URL,"matterbridge: no reviewed per-tool manifest in this baseline; blocked pending its runtime, license, security, and credential review.",blocked-tool-specific,git clone --filter=blob:none https://github.com/matterbridge/matterbridge integrations/upstream/matterbridge,unknown/unverified: do not pin until the recorded upstream is confirmed; remote did not return a HEAD reference during 2026-09-09 probe,blocked record: matterbridge — matterbridge: requires tool-specific license/provider review and its runtime or external credentials; no production self-hosting is claimed.,unknown/unverified,"The recorded repository URL https://github.com/matterbridge/matterbridge could not be resolved to a Git HEAD during the 2026-09-09 network probe (remote did not return a HEAD reference); it may be moved, renamed, unavailable, or require a different canonical owner. Verify the tool-specific upstream before cloning."
stripe,payments,stripe,https://github.com/stripe/stripe,verify upstream license and hosted costs,evaluate against existing UniGig boundary,P1,STRIPE_URL,"stripe: no reviewed per-tool manifest in this baseline; blocked pending its runtime, license, security, and credential review.",blocked-tool-specific,git clone --filter=blob:none https://github.com/stripe/stripe integrations/upstream/stripe,reviewed immutable HEAD commit 5fb1f79057574a796919ab87bfe8d3c6e5b8f697 on upstream branch master (git ls-remote probe 2026-09-09); pin this SHA before deployment,blocked record: stripe — stripe: requires tool-specific license/provider review and its runtime or external credentials; no production self-hosting is claimed.,reviewed-head-commit,"The recorded repository responded to git ls-remote on 2026-09-09; this SHA is metadata evidence, not a production compatibility claim."
adyen,payments,adyen,https://github.com/adyen/adyen,verify upstream license and hosted costs,evaluate against existing UniGig boundary,P3,ADYEN_URL,"adyen: no reviewed per-tool manifest in this baseline; blocked pending its runtime, license, security, and credential review.",blocked-tool-specific,git clone --filter=blob:none https://github.com/adyen/adyen integrations/upstream/adyen,unknown/unverified: do not pin until the recorded upstream is confirmed; remote did not return a HEAD reference during 2026-09-09 probe,blocked record: adyen — adyen: requires tool-specific license/provider review and its runtime or external credentials; no production self-hosting is claimed.,unknown/unverified,"The recorded repository URL https://github.com/adyen/adyen could not be resolved to a Git HEAD during the 2026-09-09 network probe (remote did not return a HEAD reference); it may be moved, renamed, unavailable, or require a different canonical owner. Verify the tool-specific upstream before cloning."
paypal,payments,paypal,https://github.com/paypal/paypal,verify upstream license and hosted costs,evaluate against existing UniGig boundary,P3,PAYPAL_URL,"paypal: no reviewed per-tool manifest in this baseline; blocked pending its runtime, license, security, and credential review.",blocked-tool-specific,git clone --filter=blob:none https://github.com/paypal/paypal integrations/upstream/paypal,unknown/unverified: do not pin until the recorded upstream is confirmed; remote did not return a HEAD reference during 2026-09-09 probe,blocked record: paypal — paypal: requires tool-specific license/provider review and its runtime or external credentials; no production self-hosting is claimed.,unknown/unverified,"The recorded repository URL https://github.com/paypal/paypal could not be resolved to a Git HEAD during the 2026-09-09 network probe (remote did not return a HEAD reference); it may be moved, renamed, unavailable, or require a different canonical owner. Verify the tool-specific upstream before cloning."
mollie,payments,mollie,https://github.com/mollie/mollie,verify upstream license and hosted costs,evaluate against existing UniGig boundary,P3,MOLLIE_URL,"mollie: no reviewed per-tool manifest in this baseline; blocked pending its runtime, license, security, and credential review.",blocked-tool-specific,git clone --filter=blob:none https://github.com/mollie/mollie integrations/upstream/mollie,unknown/unverified: do not pin until the recorded upstream is confirmed; remote did not return a HEAD reference during 2026-09-09 probe,blocked record: mollie — mollie: requires tool-specific license/provider review and its runtime or external credentials; no production self-hosting is claimed.,unknown/unverified,"The recorded repository URL https://github.com/mollie/mollie could not be resolved to a Git HEAD during the 2026-09-09 network probe (remote did not return a HEAD reference); it may be moved, renamed, unavailable, or require a different canonical owner. Verify the tool-specific upstream before cloning."
plaid,payments,plaid,https://github.com/plaid/plaid,verify upstream license and hosted costs,evaluate against existing UniGig boundary,P3,PLAID_URL,"plaid: no reviewed per-tool manifest in this baseline; blocked pending its runtime, license, security, and credential review.",blocked-tool-specific,git clone --filter=blob:none https://github.com/plaid/plaid integrations/upstream/plaid,unknown/unverified: do not pin until the recorded upstream is confirmed; remote did not return a HEAD reference during 2026-09-09 probe,blocked record: plaid — plaid: requires tool-specific license/provider review and its runtime or external credentials; no production self-hosting is claimed.,unknown/unverified,"The recorded repository URL https://github.com/plaid/plaid could not be resolved to a Git HEAD during the 2026-09-09 network probe (remote did not return a HEAD reference); it may be moved, renamed, unavailable, or require a different canonical owner. Verify the tool-specific upstream before cloning."
moov,payments,moov,https://github.com/moov/moov,verify upstream license and hosted costs,evaluate against existing UniGig boundary,P3,MOOV_URL,"moov: no reviewed per-tool manifest in this baseline; blocked pending its runtime, license, security, and credential review.",blocked-tool-specific,git clone --filter=blob:none https://github.com/moov/moov integrations/upstream/moov,unknown/unverified: do not pin until the recorded upstream is confirmed; remote did not return a HEAD reference during 2026-09-09 probe,blocked record: moov — moov: requires tool-specific license/provider review and its runtime or external credentials; no production self-hosting is claimed.,unknown/unverified,"The recorded repository URL https://github.com/moov/moov could not be resolved to a Git HEAD during the 2026-09-09 network probe (remote did not return a HEAD reference); it may be moved, renamed, unavailable, or require a different canonical owner. Verify the tool-specific upstream before cloning."
ballerine,compliance,ballerine,https://github.com/ballerine/ballerine,verify upstream license and hosted costs,evaluate against existing UniGig boundary,P3,BALLERINE_URL,"ballerine: no reviewed per-tool manifest in this baseline; blocked pending its runtime, license, security, and credential review.",blocked-tool-specific,git clone --filter=blob:none https://github.com/ballerine/ballerine integrations/upstream/ballerine,unknown/unverified: do not pin until the recorded upstream is confirmed; remote did not return a HEAD reference during 2026-09-09 probe,blocked record: ballerine — ballerine: requires tool-specific license/provider review and its runtime or external credentials; no production self-hosting is claimed.,unknown/unverified,"The recorded repository URL https://github.com/ballerine/ballerine could not be resolved to a Git HEAD during the 2026-09-09 network probe (remote did not return a HEAD reference); it may be moved, renamed, unavailable, or require a different canonical owner. Verify the tool-specific upstream before cloning."
veramo,credentials,veramo,https://github.com/veramo/veramo,verify upstream license and hosted costs,evaluate against existing UniGig boundary,P3,VERAMO_URL,"veramo: no reviewed per-tool manifest in this baseline; blocked pending its runtime, license, security, and credential review.",blocked-tool-specific,git clone --filter=blob:none https://github.com/veramo/veramo integrations/upstream/veramo,unknown/unverified: do not pin until the recorded upstream is confirmed; remote did not return a HEAD reference during 2026-09-09 probe,blocked record: veramo — veramo: requires tool-specific license/provider review and its runtime or external credentials; no production self-hosting is claimed.,unknown/unverified,"The recorded repository URL https://github.com/veramo/veramo could not be resolved to a Git HEAD during the 2026-09-09 network probe (remote did not return a HEAD reference); it may be moved, renamed, unavailable, or require a different canonical owner. Verify the tool-specific upstream before cloning."
open-cred,credentials,identity-wallet,https://github.com/openwallet-foundation/identity-wallet,verify upstream license and hosted costs,evaluate against existing UniGig boundary,P3,OPEN_CRED_URL,"open-cred: no reviewed per-tool manifest in this baseline; blocked pending its runtime, license, security, and credential review.",blocked-tool-specific,git clone --filter=blob:none https://github.com/openwallet-foundation/identity-wallet integrations/upstream/open-cred,unknown/unverified: do not pin until the recorded upstream is confirmed; remote did not return a HEAD reference during 2026-09-09 probe,blocked record: open-cred — open-cred: requires tool-specific license/provider review and its runtime or external credentials; no production self-hosting is claimed.,unknown/unverified,"The recorded repository URL https://github.com/openwallet-foundation/identity-wallet could not be resolved to a Git HEAD during the 2026-09-09 network probe (remote did not return a HEAD reference); it may be moved, renamed, unavailable, or require a different canonical owner. Verify the tool-specific upstream before cloning."
didkit,credentials,didkit,https://github.com/didkit/didkit,verify upstream license and hosted costs,evaluate against existing UniGig boundary,P3,DIDKIT_URL,"didkit: no reviewed per-tool manifest in this baseline; blocked pending its runtime, license, security, and credential review.",blocked-tool-specific,git clone --filter=blob:none https://github.com/didkit/didkit integrations/upstream/didkit,unknown/unverified: do not pin until the recorded upstream is confirmed; remote did not return a HEAD reference during 2026-09-09 probe,blocked record: didkit — didkit: requires tool-specific license/provider review and its runtime or external credentials; no production self-hosting is claimed.,unknown/unverified,"The recorded repository URL https://github.com/didkit/didkit could not be resolved to a Git HEAD during the 2026-09-09 network probe (remote did not return a HEAD reference); it may be moved, renamed, unavailable, or require a different canonical owner. Verify the tool-specific upstream before cloning."
waltid,credentials,waltid,https://github.com/waltid/waltid,verify upstream license and hosted costs,evaluate against existing UniGig boundary,P3,WALTID_URL,"waltid: no reviewed per-tool manifest in this baseline; blocked pending its runtime, license, security, and credential review.",blocked-tool-specific,git clone --filter=blob:none https://github.com/waltid/waltid integrations/upstream/waltid,unknown/unverified: do not pin until the recorded upstream is confirmed; remote did not return a HEAD reference during 2026-09-09 probe,blocked record: waltid — waltid: requires tool-specific license/provider review and its runtime or external credentials; no production self-hosting is claimed.,unknown/unverified,"The recorded repository URL https://github.com/waltid/waltid could not be resolved to a Git HEAD during the 2026-09-09 network probe (remote did not return a HEAD reference); it may be moved, renamed, unavailable, or require a different canonical owner. Verify the tool-specific upstream before cloning."
openproject,integration,openproject,https://github.com/openproject/openproject,verify upstream license and hosted costs,evaluate against existing UniGig boundary,P3,OPENPROJECT_URL,"openproject: no reviewed per-tool manifest in this baseline; blocked pending its runtime, license, security, and credential review.",blocked-tool-specific,git clone --filter=blob:none https://github.com/openproject/openproject integrations/upstream/openproject,unknown/unverified: do not pin until the recorded upstream is confirmed; remote did not return a HEAD reference during 2026-09-09 probe,blocked record: openproject — openproject: requires tool-specific license/provider review and its runtime or external credentials; no production self-hosting is claimed.,unknown/unverified,"The recorded repository URL https://github.com/openproject/openproject could not be resolved to a Git HEAD during the 2026-09-09 network probe (remote did not return a HEAD reference); it may be moved, renamed, unavailable, or require a different canonical owner. Verify the tool-specific upstream before cloning."
outline,knowledge,outline,https://github.com/outline/outline,verify upstream license and hosted costs,evaluate against existing UniGig boundary,P3,OUTLINE_URL,"outline: no reviewed per-tool manifest in this baseline; blocked pending its runtime, license, security, and credential review.",blocked-tool-specific,git clone --filter=blob:none https://github.com/outline/outline integrations/upstream/outline,reviewed immutable HEAD commit 68b912825cf4a4b3694a08f32f866cff39234b45 on upstream branch main (git ls-remote probe 2026-09-09); pin this SHA before deployment,blocked record: outline — outline: requires tool-specific license/provider review and its runtime or external credentials; no production self-hosting is claimed.,reviewed-head-commit,"The recorded repository responded to git ls-remote on 2026-09-09; this SHA is metadata evidence, not a production compatibility claim."
bookstack,knowledge,bookstack,https://github.com/bookstack/bookstack,verify upstream license and hosted costs,evaluate against existing UniGig boundary,P3,BOOKSTACK_URL,"bookstack: no reviewed per-tool manifest in this baseline; blocked pending its runtime, license, security, and credential review.",blocked-tool-specific,git clone --filter=blob:none https://github.com/bookstack/bookstack integrations/upstream/bookstack,unknown/unverified: do not pin until the recorded upstream is confirmed; remote did not return a HEAD reference during 2026-09-09 probe,blocked record: bookstack — bookstack: requires tool-specific license/provider review and its runtime or external credentials; no production self-hosting is claimed.,unknown/unverified,"The recorded repository URL https://github.com/bookstack/bookstack could not be resolved to a Git HEAD during the 2026-09-09 network probe (remote did not return a HEAD reference); it may be moved, renamed, unavailable, or require a different canonical owner. Verify the tool-specific upstream before cloning."
wiki-js,knowledge,wiki-js,https://github.com/wiki-js/wiki-js,verify upstream license and hosted costs,evaluate against existing UniGig boundary,P3,WIKI_JS_URL,"wiki-js: no reviewed per-tool manifest in this baseline; blocked pending its runtime, license, security, and credential review.",blocked-tool-specific,git clone --filter=blob:none https://github.com/wiki-js/wiki-js integrations/upstream/wiki-js,unknown/unverified: do not pin until the recorded upstream is confirmed; remote did not return a HEAD reference during 2026-09-09 probe,blocked record: wiki-js — wiki-js: requires tool-specific license/provider review and its runtime or external credentials; no production self-hosting is claimed.,unknown/unverified,"The recorded repository URL https://github.com/wiki-js/wiki-js could not be resolved to a Git HEAD during the 2026-09-09 network probe (remote did not return a HEAD reference); it may be moved, renamed, unavailable, or require a different canonical owner. Verify the tool-specific upstream before cloning."
mattermost-plugin,integration,mattermost-plugin-marketplace,https://github.com/mattermost/mattermost-plugin-marketplace,verify upstream license and hosted costs,evaluate against existing UniGig boundary,P3,MATTERMOST_PLUGIN_URL,"mattermost-plugin: no reviewed per-tool manifest in this baseline; blocked pending its runtime, license, security, and credential review.",blocked-tool-specific,git clone --filter=blob:none https://github.com/mattermost/mattermost-plugin-marketplace integrations/upstream/mattermost-plugin,unknown/unverified: do not pin until the recorded upstream is confirmed; remote did not return a HEAD reference during 2026-09-09 probe,blocked record: mattermost-plugin — mattermost-plugin: requires tool-specific license/provider review and its runtime or external credentials; no production self-hosting is claimed.,unknown/unverified,"The recorded repository URL https://github.com/mattermost/mattermost-plugin-marketplace could not be resolved to a Git HEAD during the 2026-09-09 network probe (remote did not return a HEAD reference); it may be moved, renamed, unavailable, or require a different canonical owner. Verify the tool-specific upstream before cloning."
restic,storage,restic,https://github.com/restic/restic,verify upstream license and hosted costs,evaluate against existing UniGig boundary,P3,RESTIC_URL,"restic: no reviewed per-tool manifest in this baseline; blocked pending its runtime, license, security, and credential review.",blocked-tool-specific,git clone --filter=blob:none https://github.com/restic/restic integrations/upstream/restic,reviewed immutable HEAD commit ba802d42b7294c98b62c16d1157ea3e80820c019 on upstream branch master (git ls-remote probe 2026-09-09); pin this SHA before deployment,blocked record: restic — restic: requires tool-specific license/provider review and its runtime or external credentials; no production self-hosting is claimed.,reviewed-head-commit,"The recorded repository responded to git ls-remote on 2026-09-09; this SHA is metadata evidence, not a production compatibility claim."
borg,storage,borg,https://github.com/borg/borg,verify upstream license and hosted costs,evaluate against existing UniGig boundary,P3,BORG_URL,"borg: no reviewed per-tool manifest in this baseline; blocked pending its runtime, license, security, and credential review.",blocked-tool-specific,git clone --filter=blob:none https://github.com/borg/borg integrations/upstream/borg,unknown/unverified: do not pin until the recorded upstream is confirmed; remote did not return a HEAD reference during 2026-09-09 probe,blocked record: borg — borg: requires tool-specific license/provider review and its runtime or external credentials; no production self-hosting is claimed.,unknown/unverified,"The recorded repository URL https://github.com/borg/borg could not be resolved to a Git HEAD during the 2026-09-09 network probe (remote did not return a HEAD reference); it may be moved, renamed, unavailable, or require a different canonical owner. Verify the tool-specific upstream before cloning."
cosign,supply-chain,cosign,https://github.com/cosign/cosign,verify upstream license and hosted costs,evaluate against existing UniGig boundary,P3,COSIGN_URL,"cosign: no reviewed per-tool manifest in this baseline; blocked pending its runtime, license, security, and credential review.",blocked-tool-specific,git clone --filter=blob:none https://github.com/cosign/cosign integrations/upstream/cosign,unknown/unverified: do not pin until the recorded upstream is confirmed; remote did not return a HEAD reference during 2026-09-09 probe,blocked record: cosign — cosign: requires tool-specific license/provider review and its runtime or external credentials; no production self-hosting is claimed.,unknown/unverified,"The recorded repository URL https://github.com/cosign/cosign could not be resolved to a Git HEAD during the 2026-09-09 network probe (remote did not return a HEAD reference); it may be moved, renamed, unavailable, or require a different canonical owner. Verify the tool-specific upstream before cloning."
syft,supply-chain,syft,https://github.com/syft/syft,verify upstream license and hosted costs,evaluate against existing UniGig boundary,P3,SYFT_URL,"syft: no reviewed per-tool manifest in this baseline; blocked pending its runtime, license, security, and credential review.",blocked-tool-specific,git clone --filter=blob:none https://github.com/syft/syft integrations/upstream/syft,unknown/unverified: do not pin until the recorded upstream is confirmed; remote did not return a HEAD reference during 2026-09-09 probe,blocked record: syft — syft: requires tool-specific license/provider review and its runtime or external credentials; no production self-hosting is claimed.,unknown/unverified,"The recorded repository URL https://github.com/syft/syft could not be resolved to a Git HEAD during the 2026-09-09 network probe (remote did not return a HEAD reference); it may be moved, renamed, unavailable, or require a different canonical owner. Verify the tool-specific upstream before cloning."
grype,security,grype,https://github.com/grype/grype,verify upstream license and hosted costs,evaluate against existing UniGig boundary,P3,GRYPE_URL,"grype: no reviewed per-tool manifest in this baseline; blocked pending its runtime, license, security, and credential review.",blocked-tool-specific,git clone --filter=blob:none https://github.com/grype/grype integrations/upstream/grype,unknown/unverified: do not pin until the recorded upstream is confirmed; remote did not return a HEAD reference during 2026-09-09 probe,blocked record: grype — grype: requires tool-specific license/provider review and its runtime or external credentials; no production self-hosting is claimed.,unknown/unverified,"The recorded repository URL https://github.com/grype/grype could not be resolved to a Git HEAD during the 2026-09-09 network probe (remote did not return a HEAD reference); it may be moved, renamed, unavailable, or require a different canonical owner. Verify the tool-specific upstream before cloning."
renovate,supply-chain,renovate,https://github.com/renovate/renovate,verify upstream license and hosted costs,evaluate against existing UniGig boundary,P3,RENOVATE_URL,"renovate: no reviewed per-tool manifest in this baseline; blocked pending its runtime, license, security, and credential review.",blocked-tool-specific,git clone --filter=blob:none https://github.com/renovate/renovate integrations/upstream/renovate,unknown/unverified: do not pin until the recorded upstream is confirmed; remote did not return a HEAD reference during 2026-09-09 probe,blocked record: renovate — renovate: requires tool-specific license/provider review and its runtime or external credentials; no production self-hosting is claimed.,unknown/unverified,"The recorded repository URL https://github.com/renovate/renovate could not be resolved to a Git HEAD during the 2026-09-09 network probe (remote did not return a HEAD reference); it may be moved, renamed, unavailable, or require a different canonical owner. Verify the tool-specific upstream before cloning."
dependency-check,security,DependencyCheck,https://github.com/jeremylong/DependencyCheck,verify upstream license and hosted costs,evaluate against existing UniGig boundary,P3,DEPENDENCY_CHECK_URL,"dependency-check: no reviewed per-tool manifest in this baseline; blocked pending its runtime, license, security, and credential review.",blocked-tool-specific,git clone --filter=blob:none https://github.com/jeremylong/DependencyCheck integrations/upstream/dependency-check,reviewed immutable HEAD commit 58b4ddccbdafcb7347979c6551c4f56049126dcc on upstream branch main (git ls-remote probe 2026-09-09); pin this SHA before deployment,blocked record: dependency-check — dependency-check: requires tool-specific license/provider review and its runtime or external credentials; no production self-hosting is claimed.,reviewed-head-commit,"The recorded repository responded to git ls-remote on 2026-09-09; this SHA is metadata evidence, not a production compatibility claim."
clamav,security,clamav,https://github.com/clamav/clamav,verify upstream license and hosted costs,evaluate against existing UniGig boundary,P3,CLAMAV_URL,"clamav: no reviewed per-tool manifest in this baseline; blocked pending its runtime, license, security, and credential review.",blocked-tool-specific,git clone --filter=blob:none https://github.com/clamav/clamav integrations/upstream/clamav,unknown/unverified: do not pin until the recorded upstream is confirmed; remote did not return a HEAD reference during 2026-09-09 probe,blocked record: clamav — clamav: requires tool-specific license/provider review and its runtime or external credentials; no production self-hosting is claimed.,unknown/unverified,"The recorded repository URL https://github.com/clamav/clamav could not be resolved to a Git HEAD during the 2026-09-09 network probe (remote did not return a HEAD reference); it may be moved, renamed, unavailable, or require a different canonical owner. Verify the tool-specific upstream before cloning."
yara,security,yara,https://github.com/yara/yara,verify upstream license and hosted costs,evaluate against existing UniGig boundary,P3,YARA_URL,"yara: no reviewed per-tool manifest in this baseline; blocked pending its runtime, license, security, and credential review.",blocked-tool-specific,git clone --filter=blob:none https://github.com/yara/yara integrations/upstream/yara,unknown/unverified: do not pin until the recorded upstream is confirmed; remote did not return a HEAD reference during 2026-09-09 probe,blocked record: yara — yara: requires tool-specific license/provider review and its runtime or external credentials; no production self-hosting is claimed.,unknown/unverified,"The recorded repository URL https://github.com/yara/yara could not be resolved to a Git HEAD during the 2026-09-09 network probe (remote did not return a HEAD reference); it may be moved, renamed, unavailable, or require a different canonical owner. Verify the tool-specific upstream before cloning."
